ts,open,high,low,close
1700000000,100.0,100.004613,99.966751,99.9733
1700003600,99.9733,99.985894,99.933036,99.94027
1700007200,99.94027,99.948807,99.891743,99.897565
1700010800,99.897565,99.934553,99.891455,99.928028
1700014400,99.928028,100.000363,99.904377,99.987181
1700018000,99.987181,100.361083,99.917777,100.280581
1700021600,100.280581,100.502982,100.238974,100.478283
1700025200,100.478283,100.49487,100.414238,100.430115
1700028800,100.430115,100.569749,99.691683,99.85627
1700032400,99.85627,99.902327,99.688916,99.727938
1700036000,99.727938,99.73035,99.711984,99.714003
1700039600,99.714003,99.722839,99.644259,99.654516
1700043200,99.654516,99.679436,99.495933,99.522038
1700046800,99.522038,99.582319,99.311089,99.369947
1700050400,99.369947,99.572623,99.3271,99.542914
1700054000,99.542914,99.955808,99.438459,99.859269
1700057600,99.859269,100.103325,99.821387,100.073604
1700061200,100.073604,100.126703,99.675572,99.760764
1700064800,99.760764,99.940859,99.707208,99.901819
1700068400,99.901819,99.929354,99.745739,99.772877
1700072000,99.772877,99.827664,99.578666,99.619065
1700075600,99.619065,99.634828,99.547776,99.559687
1700079200,99.559687,99.633705,99.546702,99.621912
1700082800,99.621912,99.670967,99.612481,99.663707
1700086400,99.663707,100.062962,99.595622,99.93771
1700090000,99.93771,99.938262,99.935626,99.936131
1700093600,99.936131,99.940856,99.903136,99.907922
1700097200,99.907922,100.370684,99.810316,100.22576
1700100800,100.22576,100.284838,100.051425,100.092435
1700104400,100.092435,100.098348,100.09142,100.096931
1700108000,100.096931,100.132272,100.091175,100.123468
1700111600,100.123468,100.164137,99.778096,99.855053
1700115200,99.855053,100.207214,99.77135,100.160062
1700118800,100.160062,100.234209,99.776404,99.877893
1700122400,99.877893,100.302768,99.76949,100.219855
1700126000,100.219855,100.419349,100.164478,100.381935
1700129600,100.381935,100.422592,100.223786,100.252016
1700133200,100.252016,100.34985,100.233692,100.327692
1700136800,100.327692,100.362649,100.047916,100.086109
1700140400,100.086109,100.216431,100.061803,100.191927
1700144000,100.191927,100.55094,100.120516,100.477771
1700147600,100.477771,100.636609,100.451976,100.617475
1700151200,100.617475,100.660605,100.606394,100.648784
1700154800,100.648784,100.816053,100.617677,100.768821
1700158400,100.768821,101.014511,100.71279,100.966972
1700162000,100.966972,101.162815,100.93606,101.106977
1700165600,101.106977,101.152985,100.902401,100.946255
1700169200,100.946255,101.096265,100.920335,101.067439
1700172800,101.067439,101.074861,101.065977,101.073106
1700176400,101.073106,101.691501,100.972575,101.582031
1700180000,101.582031,102.222032,101.411197,102.087917
1700183600,102.087917,102.105346,101.980549,101.993718
1700187200,101.993718,102.110238,101.431451,101.526479
1700190800,101.526479,102.123539,101.378945,101.978823
1700194400,101.978823,102.03161,101.568302,101.648446
1700198000,101.648446,101.682204,101.493053,101.531314
1700201600,101.531314,101.905107,101.474035,101.813418
1700205200,101.813418,101.951657,101.781751,101.922812
1700208800,101.922812,101.964171,101.580007,101.649817
1700212400,101.649817,101.689881,101.425637,101.466325
1700216000,101.466325,101.553724,101.158731,101.213132
1700219600,101.213132,101.399571,101.170187,101.36146
1700223200,101.36146,101.383131,101.264284,101.277552
1700226800,101.277552,101.331777,101.062594,101.116755
1700230400,101.116755,101.29847,101.079144,101.259812
1700234000,101.259812,101.356767,101.240056,101.333397
1700237600,101.333397,101.581524,101.276416,101.513062
1700241200,101.513062,101.567492,101.178068,101.21699
1700244800,101.21699,101.252845,100.913856,100.949441
1700248400,100.949441,101.052871,100.374736,100.505193
1700252000,100.505193,100.511391,100.472768,100.480066
1700255600,100.480066,100.54147,100.302677,100.339008
1700259200,100.339008,100.366172,100.161339,100.186448
1700262800,100.186448,100.294497,100.167652,100.273406
1700266400,100.273406,100.278146,100.245995,100.250787
1700270000,100.250787,100.275467,100.245462,100.269294
1700273600,100.269294,100.363626,100.249901,100.343123
1700277200,100.343123,100.482977,100.316105,100.440579
1700280800,100.440579,100.448083,100.438953,100.445905
1700284400,100.445905,100.577918,100.405677,100.553852
1700288000,100.553852,101.12619,100.462118,100.957774
1700291600,100.957774,101.084377,100.322779,100.506273
1700295200,100.506273,100.695074,100.447881,100.653689
1700298800,100.653689,100.743707,100.150583,100.239949
1700302400,100.239949,100.331507,100.217184,100.314958
1700306000,100.314958,100.776018,100.250076,100.720352
1700309600,100.720352,100.784319,100.434176,100.516264
1700313200,100.516264,101.036001,100.419285,100.910934
1700316800,100.910934,101.048956,100.859348,101.017977
1700320400,101.017977,101.023547,100.974825,100.982034
1700324000,100.982034,100.988053,100.955661,100.961177
1700327600,100.961177,101.004681,100.716009,100.775256
1700331200,100.775256,101.44427,100.614544,101.285635
1700334800,101.285635,101.29896,101.28339,101.296097
1700338400,101.296097,101.32255,101.17416,101.198777
1700342000,101.198777,101.230306,100.998842,101.032757
1700345600,101.032757,101.057647,100.851621,100.885622
1700349200,100.885622,101.040571,100.849149,100.997611
1700352800,100.997611,101.008307,100.902668,100.914552
1700356400,100.914552,101.268872,100.840424,101.185143
1700360000,101.185143,101.230398,101.003172,101.045923
1700363600,101.045923,101.113916,101.034545,101.105772
1700367200,101.105772,101.156406,100.9276,100.975969
1700370800,100.975969,100.999022,100.812482,100.832176
1700374400,100.832176,100.8486,100.827928,100.845378
1700378000,100.845378,101.161851,100.760658,101.102198
1700381600,101.102198,101.134358,100.884999,100.941
1700385200,100.941,100.954517,100.937648,100.951914
1700388800,100.951914,101.255829,100.895062,101.208033
1700392400,101.208033,101.881437,101.000913,101.713979
1700396000,101.713979,101.833608,101.273902,101.389935
1700399600,101.389935,101.578247,100.654347,100.819165
1700403200,100.819165,101.017206,100.770544,100.959716
1700406800,100.959716,101.001238,100.665487,100.720006
1700410400,100.720006,100.759565,100.713376,100.751722
1700414000,100.751722,100.799446,100.439514,100.489039
1700417600,100.489039,100.51455,100.351527,100.377225
1700421200,100.377225,100.381094,100.347921,100.35216
1700424800,100.35216,100.390889,100.195233,100.22744
1700428400,100.22744,100.338886,100.198293,100.308234
1700432000,100.308234,100.311588,100.292171,100.295716
1700435600,100.295716,100.324495,100.286628,100.317115
1700439200,100.317115,100.362969,99.980565,100.034557
1700442800,100.034557,100.045785,99.939918,99.954029
1700446400,99.954029,99.973963,99.821429,99.850107
1700450000,99.850107,99.941277,99.837147,99.929729
1700453600,99.929729,100.301164,99.889801,100.245596
1700457200,100.245596,100.315377,100.233392,100.304232
1700460800,100.304232,100.332313,100.298848,100.324437
1700464400,100.324437,100.348467,100.078207,100.114496
1700468000,100.114496,100.39761,100.046168,100.323926
1700471600,100.323926,100.330859,100.322674,100.328824
1700475200,100.328824,100.485712,100.304476,100.459722
1700478800,100.459722,100.485767,100.454739,100.480974
1700482400,100.480974,100.671748,100.421414,100.63526
1700486000,100.63526,100.976221,100.567937,100.903489
1700489600,100.903489,100.944908,100.73095,100.78181
1700493200,100.78181,101.154447,100.724967,101.095389
1700496800,101.095389,101.520966,101.015809,101.407358
1700500400,101.407358,101.745227,101.329173,101.641772
1700504000,101.641772,101.68628,101.391732,101.45311
1700507600,101.45311,101.575921,101.409976,101.551601
1700511200,101.551601,101.631866,101.183352,101.280297
1700514800,101.280297,101.376664,100.833182,100.970378
1700518400,100.970378,101.039921,100.676435,100.727392
1700522000,100.727392,100.750523,100.658186,100.671916
1700525600,100.671916,100.833505,100.642217,100.798823
1700529200,100.798823,100.819523,100.678386,100.691603
1700532800,100.691603,100.817981,100.666312,100.790026
1700536400,100.790026,101.236151,100.68247,101.180379
1700540000,101.180379,101.584965,101.08953,101.490486
1700543600,101.490486,101.733184,101.424253,101.678112
1700547200,101.678112,101.851726,101.633922,101.81523
1700550800,101.81523,101.932068,101.79266,101.907828
1700554400,101.907828,101.907838,101.907783,101.907793
1700558000,101.907793,101.935367,101.686124,101.71201
1700561600,101.71201,101.768673,101.278291,101.34743
1700565200,101.34743,101.380169,101.242809,101.268062
1700568800,101.268062,101.270605,101.24957,101.252014
1700572400,101.252014,101.373931,101.238297,101.357418
1700576000,101.357418,101.707477,101.248652,101.641915
1700579600,101.641915,101.655108,101.590253,101.601342
1700583200,101.601342,101.632393,101.312656,101.369984
1700586800,101.369984,101.43693,101.357722,101.42098
1700590400,101.42098,101.742517,101.372684,101.707004
1700594000,101.707004,101.896159,101.683135,101.853606
1700597600,101.853606,101.895221,101.842681,101.886427
1700601200,101.886427,101.958887,101.493291,101.586717
1700604800,101.586717,101.842995,101.52101,101.782214
1700608400,101.782214,101.784225,101.773321,101.775337
1700612000,101.775337,101.784113,101.702406,101.710591
1700615600,101.710591,101.73878,101.58221,101.605047
1700619200,101.605047,101.664465,101.589187,101.650798
1700622800,101.650798,102.154511,101.513896,102.003897
1700626400,102.003897,102.072627,101.65887,101.732187
1700630000,101.732187,101.920852,101.184358,101.29502
1700633600,101.29502,101.430178,101.26728,101.396398
1700637200,101.396398,101.600782,101.362058,101.566666
1700640800,101.566666,101.86541,101.521151,101.818119
1700644400,101.818119,101.83728,101.712076,101.730195
1700648000,101.730195,102.388208,101.516677,102.215799
1700651600,102.215799,102.665561,102.115156,102.532988
1700655200,102.532988,103.009922,102.41137,102.905097
1700658800,102.905097,103.025607,102.884239,103.005381
1700662400,103.005381,103.024424,102.887682,102.911536
1700666000,102.911536,102.924957,102.90755,102.921828
1700669600,102.921828,102.964723,102.756936,102.797195
1700673200,102.797195,103.43582,102.642201,103.331718
1700676800,103.331718,103.422277,103.027352,103.111626
1700680400,103.111626,103.301958,103.076414,103.27125
1700684000,103.27125,103.293949,103.265266,103.2893
1700687600,103.2893,103.396955,102.849154,102.976283
1700691200,102.976283,103.527535,102.877524,103.421878
1700694800,103.421878,103.971323,103.33641,103.849968
1700698400,103.849968,104.455704,103.692035,104.359377
1700702000,104.359377,104.365212,104.334796,104.339925
1700705600,104.339925,104.357948,104.258789,104.281267
1700709200,104.281267,104.849034,104.177715,104.717083
1700712800,104.717083,105.142385,104.649165,105.056463
1700716400,105.056463,105.16951,104.607735,104.744236
1700720000,104.744236,104.757211,104.700045,104.709714
1700723600,104.709714,104.941548,104.677618,104.904835
1700727200,104.904835,104.964568,104.582606,104.636323
1700730800,104.636323,104.66435,104.527186,104.549182
1700734400,104.549182,104.571243,104.542966,104.565391
1700738000,104.565391,104.581841,104.484772,104.502775
1700741600,104.502775,104.818076,104.457096,104.774921
1700745200,104.774921,104.786657,104.73873,104.747749
1700748800,104.747749,104.82003,104.416892,104.501722
1700752400,104.501722,104.50824,104.456973,104.465707
1700756000,104.465707,104.531987,104.218157,104.284457
1700759600,104.284457,104.685126,104.192689,104.588943
1700763200,104.588943,104.605831,104.500903,104.518322
1700766800,104.518322,104.658718,103.996902,104.142888
1700770400,104.142888,104.143175,104.142836,104.143129
1700774000,104.143129,104.210611,103.828126,103.90395
1700777600,103.90395,104.378313,103.838628,104.299918
1700781200,104.299918,104.456027,104.26068,104.421749
1700784800,104.421749,104.49059,104.407406,104.471868
1700788400,104.471868,104.58232,104.441781,104.558781
1700792000,104.558781,104.559744,104.558624,104.559595
1700795600,104.559595,104.783853,104.506742,104.741402
1700799200,104.741402,104.788276,104.532212,104.573354
1700802800,104.573354,104.901352,104.492373,104.831218
1700806400,104.831218,104.879065,104.607144,104.667686
1700810000,104.667686,104.697351,104.662165,104.690765
1700813600,104.690765,104.705048,104.641823,104.650411
1700817200,104.650411,105.035081,104.541629,104.949575
1700820800,104.949575,104.972307,104.834081,104.861592
1700824400,104.861592,105.401493,104.726062,105.269362
1700828000,105.269362,105.35571,104.961122,105.035808
1700831600,105.035808,105.112978,104.58521,104.669812
1700835200,104.669812,104.671284,104.662985,104.663975
1700838800,104.663975,104.681357,104.54748,104.569741
1700842400,104.569741,104.709249,103.873005,104.075522
1700846000,104.075522,104.104273,103.955342,103.983139
1700849600,103.983139,103.998382,103.902197,103.928474
1700853200,103.928474,104.069611,103.882593,104.029656
1700856800,104.029656,104.553418,103.96527,104.439705
1700860400,104.439705,104.460596,104.336122,104.360143
1700864000,104.360143,104.419712,104.188667,104.222695
1700867600,104.222695,104.25914,103.892464,103.95946
1700871200,103.95946,104.025399,103.380759,103.493872
1700874800,103.493872,103.550885,103.247014,103.308673
1700878400,103.308673,103.742165,103.251768,103.664751
1700882000,103.664751,104.208087,103.519186,104.094364
1700885600,104.094364,104.154673,103.844637,103.918679
1700889200,103.918679,103.975439,103.548914,103.593003
1700892800,103.593003,103.650082,103.289546,103.365296
1700896400,103.365296,103.392779,103.358887,103.386041
1700900000,103.386041,103.774733,103.315461,103.671988
1700903600,103.671988,103.919523,103.634707,103.879994
1700907200,103.879994,104.079906,103.832026,104.030601
1700910800,104.030601,104.067579,103.804333,103.830069
1700914400,103.830069,104.083659,103.801809,104.042335
1700918000,104.042335,104.310708,104.004497,104.257457
1700921600,104.257457,104.614579,104.222861,104.558412
1700925200,104.558412,105.018809,104.502196,104.958948
1700928800,104.958948,104.963108,104.933337,104.936214
1700932400,104.936214,104.943103,104.89055,104.896724
1700936000,104.896724,104.899672,104.883751,104.8873
1700939600,104.8873,104.941548,104.537373,104.610931
1700943200,104.610931,104.70903,104.587845,104.680701
1700946800,104.680701,104.686607,104.659684,104.662874
1700950400,104.662874,104.731242,104.349177,104.436787
1700954000,104.436787,104.476975,104.43038,104.47267
1700957600,104.47267,104.6993,104.427694,104.64675
1700961200,104.64675,104.756278,104.618028,104.726038
1700964800,104.726038,104.755625,104.621878,104.648241
1700968400,104.648241,104.670284,104.573194,104.588758
1700972000,104.588758,104.622277,104.403215,104.43587
1700975600,104.43587,104.499629,104.42544,104.490692
1700979200,104.490692,104.513063,104.364372,104.402773
1700982800,104.402773,104.514267,104.383131,104.501879
1700986400,104.501879,104.652126,104.472849,104.618032
1700990000,104.618032,104.660702,104.299145,104.351642
1700993600,104.351642,104.360161,104.349629,104.357685
1700997200,104.357685,104.467806,103.816159,103.900795
1701000800,103.900795,103.919003,103.802411,103.815905
1701004400,103.815905,103.859917,103.63496,103.68549
1701008000,103.68549,104.165501,103.556281,104.038583
1701011600,104.038583,104.140319,103.434703,103.531185
1701015200,103.531185,103.53402,103.517741,103.520642
1701018800,103.520642,103.696542,103.497252,103.668619
1701022400,103.668619,103.688162,103.53826,103.571369
1701026000,103.571369,103.664924,103.557399,103.650132
1701029600,103.650132,103.733133,103.348153,103.405599
1701033200,103.405599,103.709637,103.35842,103.675885
1701036800,103.675885,103.699095,103.574964,103.597493
1701040400,103.597493,103.63612,103.416848,103.441364
1701044000,103.441364,103.490208,103.223756,103.27853
1701047600,103.27853,103.375288,103.264145,103.362738
1701051200,103.362738,103.589872,103.330077,103.560288
1701054800,103.560288,103.576962,103.556509,103.574783
1701058400,103.574783,103.712813,103.535027,103.68028
1701062000,103.68028,103.933112,103.5962,103.884695
1701065600,103.884695,103.954114,103.866647,103.932785
1701069200,103.932785,103.955033,103.928334,103.949665
1701072800,103.949665,104.000867,103.939947,103.990049
1701076400,103.990049,104.042016,103.981169,104.02635
1701080000,104.02635,104.156082,103.999853,104.127151
1701083600,104.127151,104.153963,103.963882,103.990564
1701087200,103.990564,104.155012,103.959376,104.130303
1701090800,104.130303,104.438025,104.062774,104.373896
1701094400,104.373896,104.456652,104.359783,104.446108
1701098000,104.446108,104.499114,104.25882,104.296511
1701101600,104.296511,104.356382,104.283064,104.340049
1701105200,104.340049,104.437116,103.97858,104.080041
1701108800,104.080041,104.151375,103.694492,103.760702
1701112400,103.760702,103.82927,103.377196,103.444282
1701116000,103.444282,103.758729,103.404121,103.703557
1701119600,103.703557,103.826542,103.662067,103.802579
1701123200,103.802579,104.052877,103.748111,104.001619
1701126800,104.001619,104.102921,103.679918,103.757381
1701130400,103.757381,103.912035,103.735733,103.884278
1701134000,103.884278,103.920893,103.517636,103.58065
1701137600,103.58065,103.620745,103.343348,103.386013
1701141200,103.386013,103.76365,103.309092,103.690938
1701144800,103.690938,103.840687,103.667162,103.815661
1701148400,103.815661,104.070862,103.756125,104.006197
1701152000,104.006197,104.130264,103.971927,104.104735
1701155600,104.104735,104.168514,104.08753,104.151006
1701159200,104.151006,104.174946,103.969795,104.004692
1701162800,104.004692,104.348008,103.917431,104.271857
1701166400,104.271857,104.512416,104.218544,104.459736
1701170000,104.459736,104.485371,104.365465,104.389836
1701173600,104.389836,104.419438,104.255893,104.284215
1701177200,104.284215,104.330226,103.98438,104.031714
1701180800,104.031714,104.325816,103.994883,104.28692
1701184400,104.28692,104.306961,104.174394,104.206624
1701188000,104.206624,104.489189,104.160416,104.454218
1701191600,104.454218,104.520918,103.993015,104.049325
1701195200,104.049325,104.297754,103.986479,104.246805
1701198800,104.246805,104.338465,103.840845,103.90851
1701202400,103.90851,103.960994,103.68231,103.737876
1701206000,103.737876,103.825636,103.722951,103.807261
1701209600,103.807261,103.979965,103.765983,103.923924
1701213200,103.923924,103.959939,103.700916,103.740726
1701216800,103.740726,104.261406,103.626138,104.157049
1701220400,104.157049,104.187791,104.047937,104.073436
1701224000,104.073436,104.537673,103.929264,104.432592
1701227600,104.432592,104.777885,104.388581,104.7048
1701231200,104.7048,104.803376,104.103531,104.19521
1701234800,104.19521,104.43656,104.161231,104.412733
1701238400,104.412733,104.495576,104.391201,104.48411
1701242000,104.48411,105.505527,104.183024,105.22821
1701245600,105.22821,105.406053,105.195285,105.357015
1701249200,105.357015,105.552104,105.325921,105.507295
1701252800,105.507295,105.725935,105.444234,105.669387
1701256400,105.669387,105.778066,105.64847,105.760022
1701260000,105.760022,105.765197,105.738114,105.742318
1701263600,105.742318,105.833167,105.728476,105.816651
1701267200,105.816651,106.144918,105.761329,106.100653
1701270800,106.100653,106.143092,106.091323,106.13492
1701274400,106.13492,106.146832,106.072577,106.089603
1701278000,106.089603,106.117437,105.988355,106.01011
1701281600,106.01011,106.086624,105.763981,105.8124
1701285200,105.8124,106.015855,105.788713,105.984352
1701288800,105.984352,105.995504,105.945996,105.95456
1701292400,105.95456,106.007446,105.571777,105.633813
1701296000,105.633813,105.87647,105.581634,105.822255
1701299600,105.822255,106.274409,105.678153,106.18816
1701303200,106.18816,106.211497,105.985327,106.005598
1701306800,106.005598,106.082484,105.978682,106.061979
1701310400,106.061979,106.104236,105.847269,105.895412
1701314000,105.895412,105.912534,105.840924,105.853146
1701317600,105.853146,106.083274,105.780808,106.016714
1701321200,106.016714,106.230253,105.978234,106.179492
1701324800,106.179492,106.347824,105.492715,105.654125
1701328400,105.654125,105.670044,105.651373,105.667625
1701332000,105.667625,105.703169,105.448608,105.476567
1701335600,105.476567,105.490768,105.407442,105.424268
1701339200,105.424268,105.435296,105.372605,105.388896
1701342800,105.388896,105.465749,105.372379,105.448959
1701346400,105.448959,105.832062,105.371197,105.748665
1701350000,105.748665,105.947755,105.687811,105.904496
1701353600,105.904496,105.925322,105.901876,105.921912
1701357200,105.921912,105.935613,105.852352,105.866384
1701360800,105.866384,105.932178,105.568127,105.626862
1701364400,105.626862,105.753773,104.971161,105.120906
1701368000,105.120906,105.128183,105.119291,105.126439
1701371600,105.126439,105.272802,105.098863,105.245194
1701375200,105.245194,105.444206,104.36334,104.51819
1701378800,104.51819,104.835816,104.473409,104.778675
1701382400,104.778675,105.024381,104.735563,104.985091
1701386000,104.985091,105.01375,104.818666,104.841317
1701389600,104.841317,105.02208,104.174045,104.377566
1701393200,104.377566,104.420199,104.220226,104.256087
1701396800,104.256087,104.39756,104.241663,104.372398
1701400400,104.372398,104.511808,104.335584,104.483868
1701404000,104.483868,104.52742,104.122803,104.189318
1701407600,104.189318,104.219552,104.058909,104.093968
1701411200,104.093968,104.15723,104.077902,104.139033
1701414800,104.139033,104.159437,104.035415,104.063914
1701418400,104.063914,104.147732,104.051688,104.130953
1701422000,104.130953,104.209931,103.730561,103.814683
1701425600,103.814683,103.919495,103.797984,103.898288
1701429200,103.898288,104.069664,103.845929,104.015916
1701432800,104.015916,104.020696,104.014973,104.019881
1701436400,104.019881,104.439306,103.950429,104.350008
1701440000,104.350008,104.523451,104.308767,104.479243
1701443600,104.479243,104.494284,104.41919,104.436748
1701447200,104.436748,104.533905,104.412709,104.510948
1701450800,104.510948,104.533992,104.504722,104.528611
1701454400,104.528611,104.617807,104.143227,104.210829
1701458000,104.210829,104.223424,104.2082,104.22001
1701461600,104.22001,104.316578,104.204528,104.297494
1701465200,104.297494,104.348666,104.284065,104.338408
1701468800,104.338408,104.349538,104.284957,104.298447
1701472400,104.298447,104.407378,103.729153,103.850253
1701476000,103.850253,103.852277,103.834378,103.83655
1701479600,103.83655,104.055538,103.773204,104.013146
1701483200,104.013146,104.155993,103.975388,104.12788
1701486800,104.12788,104.352077,104.081453,104.305156
1701490400,104.305156,104.309762,104.286485,104.292502
1701494000,104.292502,104.353311,104.285334,104.344081
1701497600,104.344081,104.480868,103.731701,103.874637
1701501200,103.874637,103.90161,103.865935,103.894995
1701504800,103.894995,103.905734,103.833451,103.845491
1701508400,103.845491,103.921565,103.413818,103.466397
1701512000,103.466397,103.574188,102.993597,103.084659
1701515600,103.084659,103.085859,103.078657,103.079504
1701519200,103.079504,103.168571,103.061424,103.14211
1701522800,103.14211,103.193221,102.913302,102.948919
1701526400,102.948919,103.121295,102.911004,103.086904
1701530000,103.086904,103.284557,103.041144,103.246885
1701533600,103.246885,103.715482,103.143221,103.614699
1701537200,103.614699,104.419659,103.385139,104.213798
1701540800,104.213798,104.24617,104.050936,104.089228
1701544400,104.089228,104.631975,103.957866,104.495175
1701548000,104.495175,104.500244,104.475527,104.480121
1701551600,104.480121,104.495213,104.419453,104.43592
1701555200,104.43592,104.472551,104.277919,104.319557
1701558800,104.319557,104.332923,104.246258,104.254462
1701562400,104.254462,104.379409,104.241427,104.364538
1701566000,104.364538,104.37321,104.32342,104.334334
1701569600,104.334334,104.84139,104.235107,104.748772
1701573200,104.748772,104.786795,104.482194,104.529893
1701576800,104.529893,104.57609,104.305681,104.338112
1701580400,104.338112,104.345312,104.304586,104.311578
1701584000,104.311578,104.360438,104.046509,104.097592
1701587600,104.097592,104.158507,103.72877,103.826887
1701591200,103.826887,103.838154,103.767771,103.776475
1701594800,103.776475,104.016459,103.725777,103.961856
1701598400,103.961856,103.965172,103.945172,103.94993
1701602000,103.94993,104.122935,103.901479,104.070457
1701605600,104.070457,104.082228,104.015637,104.028247
1701609200,104.028247,104.254312,103.997015,104.215883
1701612800,104.215883,104.334993,103.53434,103.703555
1701616400,103.703555,103.73209,103.543055,103.581406
1701620000,103.581406,103.6292,103.209836,103.267913
1701623600,103.267913,103.279651,103.20365,103.210313
1701627200,103.210313,103.363408,102.570395,102.719009
1701630800,102.719009,102.751249,102.509604,102.562391
1701634400,102.562391,102.597248,102.376566,102.42693
1701638000,102.42693,102.817366,102.322925,102.724829
1701641600,102.724829,102.883999,102.669071,102.849847
1701645200,102.849847,102.873435,102.756941,102.782191
1701648800,102.782191,103.562046,102.652363,103.320629
1701652400,103.320629,103.365829,103.019268,103.100213
1701656000,103.100213,103.13865,102.908574,102.958451
1701659600,102.958451,103.852517,102.77648,103.628561
1701663200,103.628561,103.759899,103.606863,103.736901
1701666800,103.736901,103.865715,103.706029,103.830451
1701670400,103.830451,103.847197,103.825576,103.842134
1701674000,103.842134,103.86845,103.665129,103.70555
1701677600,103.70555,103.771014,103.695208,103.760776
1701681200,103.760776,103.909816,103.728924,103.881229
1701684800,103.881229,103.900101,103.749714,103.769032
1701688400,103.769032,104.163635,103.7188,104.120652
1701692000,104.120652,104.20808,103.834301,103.901582
1701695600,103.901582,104.093274,103.877754,104.058019
1701699200,104.058019,104.074052,103.917894,103.942193
1701702800,103.942193,103.969454,103.811483,103.841312
1701706400,103.841312,103.907895,103.499374,103.567545
1701710000,103.567545,103.646965,103.554454,103.624299
1701713600,103.624299,103.682087,103.254364,103.293591
1701717200,103.293591,103.448496,103.258766,103.415159
1701720800,103.415159,103.564506,103.38842,103.539745
1701724400,103.539745,103.743808,103.491774,103.709159
1701728000,103.709159,103.829392,103.691264,103.804747
1701731600,103.804747,103.874809,103.508973,103.575793
1701735200,103.575793,103.685436,103.175294,103.247909
1701738800,103.247909,103.549325,103.169407,103.507448
1701742400,103.507448,103.612408,103.478996,103.591572
1701746000,103.591572,103.602698,103.549849,103.562314
1701749600,103.562314,103.610362,103.357718,103.422696
1701753200,103.422696,103.482239,103.166469,103.239304
1701756800,103.239304,103.277645,103.062122,103.095647
1701760400,103.095647,103.160516,102.78738,102.860693
1701764000,102.860693,102.870183,102.859246,102.86906
1701767600,102.86906,102.899413,102.861194,102.892805
1701771200,102.892805,102.903513,102.890755,102.901211
1701774800,102.901211,103.160255,102.86573,103.115019
1701778400,103.115019,103.174052,103.109098,103.167566
1701782000,103.167566,103.245324,102.621346,102.704239
1701785600,102.704239,103.134371,102.634157,103.063307
1701789200,103.063307,103.209051,103.022812,103.180605
1701792800,103.180605,103.207382,103.051358,103.0838
1701796400,103.0838,103.60215,102.976673,103.493467
1701800000,103.493467,103.743462,103.463363,103.706561
1701803600,103.706561,104.096331,103.582531,103.974368
1701807200,103.974368,104.030926,103.754207,103.809885
1701810800,103.809885,103.869507,103.599506,103.643534
1701814400,103.643534,103.672891,103.511939,103.536595
1701818000,103.536595,103.627514,103.50935,103.60676
1701821600,103.60676,103.850467,103.555418,103.785591
1701825200,103.785591,103.855857,103.246877,103.314908
1701828800,103.314908,103.390646,102.890032,103.009594
1701832400,103.009594,103.075301,102.520005,102.606702
1701836000,102.606702,102.688317,102.165522,102.245404
1701839600,102.245404,102.318984,101.881866,101.974846
1701843200,101.974846,102.02938,101.644423,101.699659
1701846800,101.699659,102.307161,101.614118,102.191506
1701850400,102.191506,102.215703,102.187581,102.21086
1701854000,102.21086,102.614768,102.107674,102.521876
1701857600,102.521876,102.550009,102.395031,102.415673
1701861200,102.415673,102.607667,102.351625,102.556508
1701864800,102.556508,102.796601,102.518585,102.748081
1701868400,102.748081,102.764432,102.616596,102.641686
1701872000,102.641686,102.674564,102.406349,102.440462
1701875600,102.440462,102.476444,102.294092,102.333802
1701879200,102.333802,102.3619,102.246339,102.269796
1701882800,102.269796,102.301046,102.067683,102.115698
1701886400,102.115698,102.354568,102.06779,102.295017
1701890000,102.295017,102.680452,102.230264,102.614139
1701893600,102.614139,103.041381,102.524855,102.929848
1701897200,102.929848,103.053319,102.31577,102.486941
1701900800,102.486941,102.828024,102.416134,102.759295
1701904400,102.759295,102.785705,102.753412,102.77984
1701908000,102.77984,103.116478,102.742047,103.071135
1701911600,103.071135,103.092503,103.063496,103.088218
1701915200,103.088218,103.136275,102.857043,102.904635
1701918800,102.904635,102.957001,102.47845,102.545512
1701922400,102.545512,102.638179,102.528461,102.621528
1701926000,102.621528,102.679697,102.4275,102.463329
1701929600,102.463329,102.526272,102.232701,102.292304
1701933200,102.292304,102.354369,101.827796,101.897666
1701936800,101.897666,101.93818,101.891521,101.931753
1701940400,101.931753,101.952895,101.925376,101.947521
1701944000,101.947521,102.209539,101.901393,102.179627
1701947600,102.179627,102.395327,102.140468,102.340119
1701951200,102.340119,102.973651,102.227697,102.803477
1701954800,102.803477,103.115442,102.69208,103.04079
1701958400,103.04079,103.132883,102.651548,102.722476
1701962000,102.722476,102.75197,102.487673,102.531295
1701965600,102.531295,102.626852,102.105802,102.167849
1701969200,102.167849,102.613733,102.051511,102.480079
1701972800,102.480079,102.583202,102.462532,102.559136
1701976400,102.559136,102.562047,102.550143,102.552223
1701980000,102.552223,102.569242,102.54943,102.565509
1701983600,102.565509,102.580278,102.50501,102.515904
1701987200,102.515904,102.540862,102.351546,102.379271
1701990800,102.379271,102.445165,102.014741,102.085031
1701994400,102.085031,102.104701,101.997679,102.01421
1701998000,102.01421,102.054276,101.66868,101.710327
1702001600,101.710327,101.712127,101.698702,101.700633
1702005200,101.700633,101.844523,101.673686,101.824097
1702008800,101.824097,102.134368,101.774685,102.081383
1702012400,102.081383,102.283443,102.029521,102.253853
1702016000,102.253853,102.887039,102.120417,102.774009
1702019600,102.774009,102.828353,102.365967,102.42833
1702023200,102.42833,102.710341,102.388437,102.65536
1702026800,102.65536,102.770789,102.633307,102.753872
1702030400,102.753872,102.771863,102.60817,102.635044
1702034000,102.635044,102.653898,102.536382,102.557376
1702037600,102.557376,102.595614,102.424285,102.464882
1702041200,102.464882,102.677859,102.421794,102.648636
1702044800,102.648636,102.744564,102.628178,102.713377
1702048400,102.713377,102.963985,102.651545,102.905483
1702052000,102.905483,102.925928,102.901615,102.921091
1702055600,102.921091,103.211984,102.856952,103.145912
1702059200,103.145912,103.18645,102.984371,103.031752
1702062800,103.031752,103.086417,102.704722,102.776383
1702066400,102.776383,102.992895,102.730434,102.950716
1702070000,102.950716,103.032372,102.505096,102.589537
1702073600,102.589537,102.625968,102.580261,102.616173
1702077200,102.616173,102.643453,102.511423,102.535455
1702080800,102.535455,102.646019,102.066871,102.156518
1702084400,102.156518,102.178293,102.018479,102.053981
1702088000,102.053981,102.076663,101.900674,101.943757
1702091600,101.943757,101.991878,101.712972,101.773232
1702095200,101.773232,102.040727,101.736836,102.010401
1702098800,102.010401,102.023272,101.951775,101.964603
1702102400,101.964603,102.035075,101.692524,101.759086
1702106000,101.759086,101.851064,101.745744,101.838688
1702109600,101.838688,101.950185,101.283767,101.349359
1702113200,101.349359,101.703744,101.29763,101.641365
1702116800,101.641365,101.711029,101.339476,101.393626
1702120400,101.393626,101.434319,101.388414,101.425857
1702124000,101.425857,101.66446,101.348577,101.619105
1702127600,101.619105,101.660371,101.321094,101.361857
1702131200,101.361857,101.459971,100.761041,100.843751
1702134800,100.843751,100.900042,100.60283,100.643283
1702138400,100.643283,100.670986,100.503649,100.537653
1702142000,100.537653,100.558598,100.424696,100.446316
1702145600,100.446316,100.573186,100.415839,100.545904
1702149200,100.545904,100.599611,100.531995,100.590185
1702152800,100.590185,100.683686,100.191952,100.284043
1702156400,100.284043,100.297963,100.222283,100.234482
1702160000,100.234482,100.406589,100.212594,100.374011
1702163600,100.374011,100.416052,100.011756,100.060849
1702167200,100.060849,100.23998,100.03206,100.204097
1702170800,100.204097,100.57729,100.12307,100.518544
1702174400,100.518544,100.559655,100.373394,100.412779
1702178000,100.412779,100.459425,100.068149,100.119636
1702181600,100.119636,100.343894,100.082611,100.320713
1702185200,100.320713,100.421709,100.293723,100.39453
1702188800,100.39453,100.423564,100.28711,100.308226
1702192400,100.308226,100.345951,100.075804,100.103483
1702196000,100.103483,100.110333,100.057757,100.065948
1702199600,100.065948,100.432671,100.000138,100.341055
1702203200,100.341055,100.722681,100.22198,100.633381
1702206800,100.633381,100.936753,100.591237,100.889905
1702210400,100.889905,101.040387,100.858436,100.997917
1702214000,100.997917,100.99849,100.995803,100.996336
1702217600,100.996336,101.143905,100.964811,101.098651
1702221200,101.098651,101.173745,100.821379,100.885251
1702224800,100.885251,100.895445,100.802813,100.81361
1702228400,100.81361,100.855172,100.461214,100.514212
1702232000,100.514212,100.526454,100.456584,100.465847
1702235600,100.465847,100.812137,100.389416,100.740613
1702239200,100.740613,100.757012,100.685418,100.703039
1702242800,100.703039,100.742283,100.594894,100.618581
1702246400,100.618581,100.77958,100.576039,100.735419
1702250000,100.735419,100.771485,100.577014,100.61521
1702253600,100.61521,100.621194,100.586493,100.59338
1702257200,100.59338,100.865839,100.559536,100.82571
1702260800,100.82571,101.091579,100.776809,101.026834
1702264400,101.026834,101.05605,100.919628,100.948815
1702268000,100.948815,100.999802,100.563334,100.63691
1702271600,100.63691,100.743326,100.622528,100.72636
1702275200,100.72636,100.736656,100.672832,100.683051
1702278800,100.683051,101.198184,100.561502,101.101111
1702282400,101.101111,101.235835,101.076099,101.203362
1702286000,101.203362,101.250696,101.195216,101.238964
1702289600,101.238964,101.423038,101.18877,101.388605
1702293200,101.388605,101.396748,101.349215,101.354583
1702296800,101.354583,101.381407,101.247712,101.264134
1702300400,101.264134,101.292149,101.093084,101.129553
1702304000,101.129553,101.174603,101.118211,101.166915
1702307600,101.166915,101.543561,101.100769,101.495282
1702311200,101.495282,101.998536,101.384842,101.844159
1702314800,101.844159,101.872644,101.839975,101.869404
1702318400,101.869404,101.87147,101.860687,101.861936
1702322000,101.861936,101.899174,101.73954,101.763609
1702325600,101.763609,101.916293,101.725305,101.892882
1702329200,101.892882,101.893003,101.892343,101.892457
1702332800,101.892457,102.084212,101.861752,102.031658
1702336400,102.031658,102.263974,101.996295,102.224988
1702340000,102.224988,102.296482,101.718714,101.798809
1702343600,101.798809,102.255175,101.728811,102.187216
1702347200,102.187216,102.299916,101.78648,101.887623
1702350800,101.887623,101.940221,101.596717,101.649029
1702354400,101.649029,101.652099,101.648491,101.651576
1702358000,101.651576,101.686879,101.421906,101.469483
1702361600,101.469483,101.578422,101.141157,101.247192
1702365200,101.247192,101.279938,101.072697,101.100297
1702368800,101.100297,101.191877,100.798799,100.881754
1702372400,100.881754,101.166654,100.84853,101.138553
1702376000,101.138553,101.246467,101.109674,101.219751
1702379600,101.219751,101.250372,101.212436,101.244289
1702383200,101.244289,101.549608,101.18252,101.489369
1702386800,101.489369,101.661759,101.443951,101.631534
1702390400,101.631534,101.707324,101.350379,101.419829
1702394000,101.419829,101.428282,101.365946,101.374555
1702397600,101.374555,101.431438,101.36652,101.423508
1702401200,101.423508,101.438104,101.345822,101.365239
1702404800,101.365239,101.365776,101.363342,101.363709
1702408400,101.363709,101.40338,101.21005,101.256493
1702412000,101.256493,101.260635,101.234012,101.236962
1702415600,101.236962,101.289494,101.07914,101.109666
1702419200,101.109666,101.189588,101.098039,101.176961
1702422800,101.176961,101.203098,100.991531,101.015961
1702426400,101.015961,101.070962,100.685189,100.73352
1702430000,100.73352,100.741099,100.732208,100.739259
1702433600,100.739259,100.756785,100.657158,100.677883
1702437200,100.677883,100.679477,100.677473,100.679233
1702440800,100.679233,100.93454,100.618416,100.859956
1702444400,100.859956,100.905038,100.590508,100.645268
1702448000,100.645268,100.64687,100.636396,100.638425
1702451600,100.638425,100.753211,100.614941,100.731825
1702455200,100.731825,100.835728,100.705101,100.817153
1702458800,100.817153,100.821509,100.795516,100.798343
1702462400,100.798343,100.912283,100.778699,100.890509
1702466000,100.890509,101.246022,100.797715,101.167847
1702469600,101.167847,101.377853,101.132125,101.333657
1702473200,101.333657,101.880529,101.234486,101.789712
1702476800,101.789712,102.100211,101.689258,102.03951
1702480400,102.03951,102.190197,101.559459,101.655771
1702484000,101.655771,101.684691,101.444292,101.498781
1702487600,101.498781,101.504565,101.463013,101.473182
1702491200,101.473182,101.756501,101.383637,101.694259
1702494800,101.694259,101.713762,101.51618,101.536358
1702498400,101.536358,101.59024,101.520874,101.578928
1702502000,101.578928,101.59169,101.490939,101.504247
1702505600,101.504247,101.64979,101.473765,101.618203
1702509200,101.618203,101.66162,101.229321,101.293576
1702512800,101.293576,101.313046,101.168356,101.187035
1702516400,101.187035,101.208511,101.113236,101.126437
1702520000,101.126437,101.134288,101.057519,101.068954
1702523600,101.068954,101.300743,101.029821,101.236913
1702527200,101.236913,101.359212,101.220406,101.344014
1702530800,101.344014,101.393116,101.141735,101.178628
1702534400,101.178628,101.253737,101.161525,101.239528
1702538000,101.239528,101.241672,101.239086,101.241313
1702541600,101.241313,101.280504,101.234428,101.268431
1702545200,101.268431,101.309804,101.256892,101.300092
1702548800,101.300092,101.344355,101.099254,101.124203
1702552400,101.124203,101.17154,100.861415,100.89733
1702556000,100.89733,101.335617,100.818371,101.234784
1702559600,101.234784,101.659758,101.140312,101.589649
1702563200,101.589649,101.710308,101.577081,101.692271
1702566800,101.692271,101.723164,101.462131,101.495437
1702570400,101.495437,101.556416,101.483156,101.544602
1702574000,101.544602,101.553282,101.504067,101.510006
1702577600,101.510006,101.51429,101.489044,101.492512
1702581200,101.492512,101.660378,101.449102,101.616791
1702584800,101.616791,102.104882,101.5267,102.01116
1702588400,102.01116,102.018619,101.98331,101.990203
